{
    "rpnpp_base_vot": {
        "accuracy": 0.5729155077410037,
        "robustness": 28.97436863927629,
        "speed_fps": 27.254401018704147
    }
}