{
    "RPN_IOU": {
        "accuracy": 0.4292021217538462,
        "robustness": 177.37052393516774,
        "speed_fps": 25.393142606303776
    }
}