{
    "rpnpp_iou_vot": {
        "accuracy": 0.550314407033903,
        "robustness": 22.62548058801357,
        "speed_fps": 26.671633276458497
    }
}